{"Mean":{"confidence_interval":{"confidence_level":0.95,"lower_bound":22192222.35896499,"upper_bound":22714527.468501275},"point_estimate":22438492.22338064,"standard_error":133774.1612671382},"Median":{"confidence_interval":{"confidence_level":0.95,"lower_bound":21714891.13356227,"upper_bound":21986864.52911534},"point_estimate":21827520.515873016,"standard_error":68899.85684043369},"MedianAbsDev":{"confidence_interval":{"confidence_level":0.95,"lower_bound":323389.66251445238,"upper_bound":726580.746607912},"point_estimate":506797.9935455449,"standard_error":103738.90792023805},"Slope":{"confidence_interval":{"confidence_level":0.95,"lower_bound":22393150.00315601,"upper_bound":23106592.778297619},"point_estimate":22746242.464870696,"standard_error":182370.00141704875},"StdDev":{"confidence_interval":{"confidence_level":0.95,"lower_bound":998289.0565294786,"upper_bound":1700901.3551534729},"point_estimate":1344679.126811797,"standard_error":182737.67022274596}}