{"Mean":{"confidence_interval":{"confidence_level":0.95,"lower_bound":22273865.86612521,"upper_bound":23160359.580590186},"point_estimate":22669797.97984801,"standard_error":227257.56688511186},"Median":{"confidence_interval":{"confidence_level":0.95,"lower_bound":21728866.897435897,"upper_bound":22369110.11320755},"point_estimate":21996422.11283293,"standard_error":138255.53716146694},"MedianAbsDev":{"confidence_interval":{"confidence_level":0.95,"lower_bound":643704.2052880691,"upper_bound":1251324.6131560265},"point_estimate":929960.8948759965,"standard_error":140075.05247652858},"Slope":{"confidence_interval":{"confidence_level":0.95,"lower_bound":22570290.796354947,"upper_bound":23281422.01126275},"point_estimate":22915938.43569972,"standard_error":182239.3265008116},"StdDev":{"confidence_interval":{"confidence_level":0.95,"lower_bound":1177939.4469880493,"upper_bound":3282124.5475492409},"point_estimate":2283059.2426981066,"standard_error":556715.0042394254}}