{"Mean":{"confidence_interval":{"confidence_level":0.95,"lower_bound":-0.033686668448034699,"upper_bound":0.011621499999107688},"point_estimate":-0.010203256185740362,"standard_error":0.011542827440370029},"Median":{"confidence_interval":{"confidence_level":0.95,"lower_bound":-0.024904796384710216,"upper_bound":0.005170900304162025},"point_estimate":-0.007678594095599567,"standard_error":0.006856487896704368}}